<component name="ButtonCustom" extends="button">
    <interface>
        <function name="setButton" />
        <!-- <function name="playButton" />
        <function name="replayButton" /> -->
    </interface>
    <script type="text/brightscript" uri="pkg:/components/ButtonCustom.brs" />
    <children>
        <Poster id="backgroundImage"  width="500" height="50" uri="pkg:/images/button.png">
        </Poster>
<!-- 
        <Poster id="icon"/>
        <Label id="buttonText" /> -->
    </children>
</component>