<component name="ButtonComponent" extends="group">
    <interface>
        <function name="pauseButton" />
        <function name="playButton" />
        <function name="replayButton" />
        <function name="focusSecondBtn" />
        <function name="editButtonText" />
    </interface>
    <script type="text/brightscript" uri="pkg:/components/ButtonComponent.brs" />
    <children>
        <Poster id="backgroundImage" width="390" height="97" uri="pkg:/images/unfocusedButton.png" translation="[490,400]" />
        <ButtonGroup id="firstButtonGroup" translation="[60,400]" visible="true" layoutDirection="horiz" buttonHeight="50" focusedTextFont="20" maxWidth="200" itemSpacings="[40]">
            <Button id="firstBtn" focusedIconUri="" iconUri="" showFocusFootprint = "true">
                <Label id="buttonPlay" text="Play" color="#fdf7f7" horizAlign="left" translation="[150,35]"  />
            </Button>
            <Button id="secondBtn" focusedIconUri="" iconUri="" showFocusFootprint = "true">
                <Label id="fullScreen" text="Go To Full Screen" color="#fdf7f7" horizAlign="left" translation="[100,35]"  />
            </Button>
        </ButtonGroup>
    </children>
</component>