<component name="CustomComponent" extends="group">
    <interface></interface>
    <script type="text/brightscript" uri="pkg:/components/CustomComponent.brs" />
    <script type="text/brightscript" uri="pkg:/source/utils/utilityFunctions.brs" />
    <children>       
        <Rectangle id="rect" color = "0x00000099">
            <Label id="name" horizAlign="left" vertAlign="top" wrap = "true" />
            <Poster id="myPoster" />
        </Rectangle>
        <!-- <Poster id="myPoster" /> -->

        <ButtonGroup id="firstButtonGroup" translation="[100,700]">
            <Button id="firstBtn" text="first_button"/>
            <Button id="secondBtn" text="second_button"/>
        </ButtonGroup>

        <ButtonGroup id="secondButtonGroup" translation="[500,700]">
            <Button id="thirdBtn" text="third_button"/>
            <Button id="fourthBtn" text="fourth_button"/>
        </ButtonGroup>
    </children>
    
</component>