<component name="CustomComponent" extends="group">
    <interface>
        <field id="labelText" type="string" alias="name.text" onChange="onLabelTextChange" alwaysNotify="true" />
    </interface>
    <script type="text/brightscript" uri="pkg:/components/CustomComponent.brs" />
    <script type="text/brightscript" uri="pkg:/source/utils/utilityFunctions.brs" />
    <children>       
        <Rectangle id="rect" color="#0b0b0b">
            <Label id="name" horizAlign="left" vertAlign="top" wrap="true" color="#ff0000" />
            <Poster id="myPoster" />
        </Rectangle>
    </children>
    
</component>