<component name="MainScene" extends="Scene" xmlns:xsi="http://www.w3.org/2001/XMLSchema-instance" xsi:noNamespaceSchemaLocation="https://devtools.web.roku.com/schema/RokuSceneGraph.xsd">
    <script type="text/brightscript" uri="pkg:/components/MainScene.brs" />
    <children>
        <BackgroundComponent id="BackgroundComponent" />
        <ButtonComponent id="ButtonComponent" />
        <TextUpComponent id="TextUpComponent" />
        <TextDownComponent id="TextDownComponent" />
        <VideoComponent id="VideoComponent" />
        <ServiceComponent id="ServiceComponent" />
    </children>
</component>


