<component name="MainScene" extends="Scene" xmlns:xsi="http://www.w3.org/2001/XMLSchema-instance" xsi:noNamespaceSchemaLocation="https://devtools.web.roku.com/schema/RokuSceneGraph.xsd">
    <interface>
        <function name="showMovieDetails" />
        <function name="videoPlay" />
        <function name="regulateDialogVisibility" />
        <function name="inputInRegistry" />
        <field id="userStatus" type="Boolean" value="false" />
    </interface>
    <script type="text/brightscript" uri="pkg:/components/MainScene.brs" />
    <script type="text/brightscript" uri="pkg:/components/ServiceComponent.brs" />
    <children>        
        <LeftSideScreen id="leftSideScreen" translation="[0, 0]" visible="false" />
        <RightSideScreen id="rightSideScreen" visible="false" />
        <VideoComponent id="videoComponent" visible="false" translation="[0, 0]" />
        <UserComunication id="userComunication" visible="true" translation="[0, 0]" />
    </children>
</component>


