<component name="VideoComponent" extends="group">
    <interface>
        <field id="content" type="node" />
        <function name="setVideo" />
        <function name="fullScreen" />
        <function name="revertScreen" />
        <function name="getVideoState" />
        <function name="videoVisibility" />
    </interface>
    <script type="text/brightscript" uri="VideoComponent.brs" />
    <children>
        <Video id="myVideo" width="650" height="680" translation="[1220,270]" visible="false" />
        <Poster id="videoPoster" width="650" height="680" translation="[1220,347]" />
    </children>
</component>