<?xml version="1.0" encoding="utf-8" ?>

<!--********** Copyright 2016 Roku Corp.  All Rights Reserved. **********-->

<!-- Description 
FadingBackground - Background for all nodes. It is basically poster that gets picture Url from HDBackgroundImageUrl field of content meta-data
				   of current focused item. Between switching uri, starts animation with fading out old image and fading in new picture after 
				   loading.-->

<component name="FadingBackground" extends="Group" xsi:noNamespaceSchemaLocation="https://devtools.web.roku.com/schema/RokuSceneGraph.xsd">

<interface>
	<!--Width of image.-->
	<field id="width"  type="int"      onChange="updateLayout"/>
	<!--Height of image.-->
	<field id="height" type="int"      onChange="updateLayout"/>
	<!--Uri of image.-->
    <field id="uri"    type="string"   onChange="onBackgroundUriChange"/>
    <!--Set color of background while image is loading.-->
    <field id="color"  type="color" alias="backgroundColor.color"/>
</interface>

<script type="text/brightscript" uri="pkg:/components/VideoGrid/FadingBackground/FadingBackground.brs"/>

<children>
	<Rectangle
        id="backgroundColor"/>
    <Poster
        id="oldBackground"/>
    <Poster
        id="background"
        opacity="0"/>
    <Rectangle
    	id="shade"
    	color="0x000000"
    	opacity="0.65"/>
    <Animation
        id="fadeoutAnimation"
        repeat="false"
        duration="0.5">
        <FloatFieldInterpolator
            id="oldbackgroundInterpolator"
            key="[0.0, 1.0]"
            keyValue="[1.0, 0.0]"
            fieldToInterp="oldBackground.opacity"/>
    </Animation>
    <Animation
        id="fadeinAnimation"
        repeat="false"
        easeFunction="linear"
        duration="0.5">
        <FloatFieldInterpolator
            id="backgroundInterpolator"
            key="[0.0, 1.0]"
            keyValue="[0.0, 1.0]"
            fieldToInterp="background.opacity"/>
    </Animation>
</children>

</component>
