<component name="MovieRowListItem" extends="group">
    <interface>
        <field id="itemContent" type="node" onChange="itemContentChanged" />
    </interface>
    <script type="text/brightscript" uri="MovieRowListItem.brs" />
    <children>
        <LayoutGroup id="movieDetails" layoutDirection="vert" itemSpacings="20" vertAlignment="top" translation="[0,0]">
            <Poster id="itemImage" translation="[0,0]" width="400" height="213"/>
        </LayoutGroup> 
    </children>
</component>