<component name="DetailScreen" extends="group">
    <interface>
        <field id="content" type="node" onChange="onContentChange" alwaysNotify="true" />
    </interface>
    <script type="text/brightscript" uri="DetailScreen.brs" />
    <children>
        <Rectangle id="rect" color="#2b2d42" width="1920" height="1000" translation = "[0,0]" visible="false">
            <Poster id="myPoster" loadSync="true" />
        </Rectangle>
        <DetailsAboutMovie id="movieDetails" translation="[900,0]" />
    </children>
</component>